<?xml version="1.0" encoding="UTF-8"?>
<DTE xmlns="https://www.mh.gob.sv/siap/fe">
  <Identificacion>
    <Version>1</Version>
    <Ambiente>00</Ambiente>
    <TipoDTE>03</TipoDTE>
    <NumeroControl>DCF001-00000001-00000001</NumeroControl>
    <CodigoGeneracion>ABC123DEF456GHI789JKL012MNO345PQ</CodigoGeneracion>
    <TipoModelo>1</TipoModelo>
    <TipoOperacion>1</TipoOperacion>
    <FecEmi>2025-08-20</FecEmi>
    <HorEmi>15:00:00</HorEmi>
  </Identificacion>
  <Emisor>
    <NITEmisor>04036434-7</NITEmisor>
    <NRC>329098-8</NRC>
    <NombreEmisor>Karla Aracely Regalado Pineda</NombreEmisor>
    <NombreComercial>Regalado Transportes</NombreComercial>
    <TipoEstablecimiento>MATRIZ</TipoEstablecimiento>
    <Direccion>
      <Departamento>Santa Ana</Departamento>
      <Municipio>Santa Ana Centro</Municipio>
      <ComplementoDireccion>Lotificación Los Santos, Avenida Salvador del Mundo, Lote 5</ComplementoDireccion>
    </Direccion>
    <ActividadEconomica>4930</ActividadEconomica>
    <CorreoEmisor>regaladotransportes@gmail.com</CorreoEmisor>
  </Emisor>
  <Receptor>
    <NITReceptor>0614-050505-101-8</NITReceptor>
    <NRC>123456-7</NRC>
    <NombreReceptor>Cliente de Prueba S.A. de C.V.</NombreReceptor>
    <Direccion>
      <Departamento>San Salvador</Departamento>
      <Municipio>San Salvador</Municipio>
      <ComplementoDireccion>Barrio El Centro</ComplementoDireccion>
    </Direccion>
  </Receptor>
  <CuerpoDocumento>
    <NumItem>1</NumItem>
    <Descripcion>Servicio de transporte de personal</Descripcion>
    <Cantidad>1</Cantidad>
    <PrecioUnitario>500.00</PrecioUnitario>
    <VentaNoSuj>0.00</VentaNoSuj>
    <VentaExenta>0.00</VentaExenta>
    <VentaGravada>500.00</VentaGravada>
  </CuerpoDocumento>
  <Resumen>
    <TotalNoSuj>0.00</TotalNoSuj>
    <TotalExenta>0.00</TotalExenta>
    <TotalGravada>500.00</TotalGravada>
    <SubTotal>500.00</SubTotal>
    <DescuNoSuj>0.00</DescuNoSuj>
    <DescuExenta>0.00</DescuExenta>
    <DescuGravada>0.00</DescuGravada>
    <IVA>65.00</IVA>
    <MontoTotalOperacion>565.00</MontoTotalOperacion>
    <TotalPagar>565.00</TotalPagar>
    <TotalLetras>QUINIENTOS SESENTA Y CINCO 00/100 USD</TotalLetras>
  </Resumen>
</DTE>
