<?xml version="1.0" encoding="UTF-8"?>
<DTE xmlns="https://www.mh.gob.sv/siap/fe">
  <Identificacion>
    <Version>1</Version>
    <Ambiente>00</Ambiente>
    <TipoDTE>01</TipoDTE>
    <NumeroControl>F001-00000001-00000001</NumeroControl>
    <CodigoGeneracion>DEF456GHI789JKL012MNO345PQ678RST</CodigoGeneracion>
    <TipoModelo>1</TipoModelo>
    <TipoOperacion>1</TipoOperacion>
    <FecEmi>2025-08-20</FecEmi>
    <HorEmi>15:15:00</HorEmi>
  </Identificacion>
  <Emisor>
    <NITEmisor>04036434-7</NITEmisor>
    <NRC>329098-8</NRC>
    <NombreEmisor>Karla Aracely Regalado Pineda</NombreEmisor>
    <NombreComercial>Regalado Transportes</NombreComercial>
    <TipoEstablecimiento>MATRIZ</TipoEstablecimiento>
    <Direccion>
      <Departamento>Santa Ana</Departamento>
      <Municipio>Santa Ana Centro</Municipio>
      <ComplementoDireccion>Lotificación Los Santos, Avenida Salvador del Mundo, Lote 5</ComplementoDireccion>
    </Direccion>
    <ActividadEconomica>4930</ActividadEconomica>
    <CorreoEmisor>regaladotransportes@gmail.com</CorreoEmisor>
  </Emisor>
  <Receptor>
    <NITReceptor>0614-060606-102-2</NITReceptor>
    <NombreReceptor>Cliente Local Prueba S.A. de C.V.</NombreReceptor>
    <Direccion>
      <Departamento>San Salvador</Departamento>
      <Municipio>San Salvador</Municipio>
      <ComplementoDireccion>Barrio Escalón</ComplementoDireccion>
    </Direccion>
  </Receptor>
  <CuerpoDocumento>
    <NumItem>1</NumItem>
    <Descripcion>Servicio de transporte de personal</Descripcion>
    <Cantidad>1</Cantidad>
    <PrecioUnitario>565.00</PrecioUnitario>
    <VentaNoSuj>0.00</VentaNoSuj>
    <VentaExenta>0.00</VentaExenta>
    <VentaGravada>565.00</VentaGravada>
  </CuerpoDocumento>
  <Resumen>
    <TotalNoSuj>0.00</TotalNoSuj>
    <TotalExenta>0.00</TotalExenta>
    <TotalGravada>565.00</TotalGravada>
    <SubTotal>565.00</SubTotal>
    <IVA>73.45</IVA>
    <MontoTotalOperacion>638.45</MontoTotalOperacion>
    <TotalPagar>638.45</TotalPagar>
    <TotalLetras>SEISCIENTOS TREINTA Y OCHO 45/100 USD</TotalLetras>
  </Resumen>
</DTE>
