<?xml version="1.0" encoding="UTF-8"?>
<DTE xmlns="https://www.mh.gob.sv/siap/fe">
  <Identificacion>
    <Version>1</Version>
    <Ambiente>00</Ambiente>
    <TipoDTE>11</TipoDTE>
    <NumeroControl>FE001-00000001-00000001</NumeroControl>
    <CodigoGeneracion>XYZ123ABC456DEF789GHI012JKL345MN</CodigoGeneracion>
    <TipoModelo>1</TipoModelo>
    <TipoOperacion>1</TipoOperacion>
    <FecEmi>2025-08-20</FecEmi>
    <HorEmi>15:30:00</HorEmi>
  </Identificacion>
  <Emisor>
    <NITEmisor>04036434-7</NITEmisor>
    <NRC>329098-8</NRC>
    <NombreEmisor>Karla Aracely Regalado Pineda</NombreEmisor>
    <NombreComercial>Regalado Transportes</NombreComercial>
    <TipoEstablecimiento>MATRIZ</TipoEstablecimiento>
    <Direccion>
      <Departamento>Santa Ana</Departamento>
      <Municipio>Santa Ana Centro</Municipio>
      <ComplementoDireccion>Lotificación Los Santos, Avenida Salvador del Mundo, Lote 5</ComplementoDireccion>
    </Direccion>
    <ActividadEconomica>4930</ActividadEconomica>
    <CorreoEmisor>regaladotransportes@gmail.com</CorreoEmisor>
  </Emisor>
  <Receptor>
    <NITReceptor>0614-250909-108-1</NITReceptor>
    <NombreReceptor>Supertex El Salvador S.A. de C.V.</NombreReceptor>
    <Direccion>
      <Departamento>San Salvador</Departamento>
      <Municipio>San Marcos</Municipio>
      <ComplementoDireccion>Kilómetro 11 Carretera a Comalapa, San Marcos</ComplementoDireccion>
    </Direccion>
    <Pais>SV</Pais>
    <CorreoReceptor>compras@supertex.com.sv</CorreoReceptor>
  </Receptor>
  <Exportacion>
    <Incoterms>FOB</Incoterms>
    <NombreConsignatario>Supertex El Salvador S.A. de C.V.</NombreConsignatario>
    <DireccionConsignatario>San Marcos, El Salvador</DireccionConsignatario>
    <PaisDestino>SV</PaisDestino>
  </Exportacion>
  <CuerpoDocumento>
    <NumItem>1</NumItem>
    <Descripcion>Servicio de transporte de personal (Exportación)</Descripcion>
    <Cantidad>1</Cantidad>
    <PrecioUnitario>2000.00</PrecioUnitario>
    <VentaNoSuj>0.00</VentaNoSuj>
    <VentaExenta>2000.00</VentaExenta>
    <VentaGravada>0.00</VentaGravada>
  </CuerpoDocumento>
  <Resumen>
    <TotalNoSuj>0.00</TotalNoSuj>
    <TotalExenta>2000.00</TotalExenta>
    <TotalGravada>0.00</TotalGravada>
    <SubTotal>2000.00</SubTotal>
    <MontoTotalOperacion>2000.00</MontoTotalOperacion>
    <TotalPagar>2000.00</TotalPagar>
    <TotalLetras>DOS MIL 00/100 USD</TotalLetras>
  </Resumen>
</DTE>
